NewWordsList:,
mescalines
businesslike
serfs
teratism
coastguardman
rhabdomal
canalled
jauped
outdelivers
positional
teacake
gallooned
tantalite
reelevating
godetia
hegumens
taipan
serotyping
noncolored
canto
fluegelhorns
echogram
infrastructures
codeines
savior
yeastily
countryfied
warsled
mismanages
pentlandite
calycular
zeatins
congaed
consentaneous
bandog
sarcophagi
innovates
codirections
manoeuvres
filiate
dilater
cotillons
gondola
ectoplasm
precharged
emulative
photics
providential
curlings
inequities
mycoses
clogged
privily
palmistry
curtsying
yoga
gravenesses
opposites
retacked
gaster
basking
spansule
girlhood
nudely
depurating
lenitives
photons
hydrops
halogenate
wheel
incommodiously
silks
shtetel
domiciliary
landloper
stopt
outsprung
impecuniousness
impishness
hests
photoautotroph
wontedness
whigmaleeries
subreptitiously
monofilament
nondescriptive
dolmen
dakoits
disassembled
calo
goglet
speediness
quixotries
focusless
coryza
acylations
scraggily
cephalizations
bilboas
cavalcades
veneers
ghostlinesses
southed
flatfoot
disperse
scaremongers
zonulae
crating
bushelers
noesises
olfactories
grapplings
jasmins
rimy
kremlinologists
muckworm
feasible
kayak
ultratiny
nonadmirer
benedick
burrstone
blowfish
danegeld
unsaturated
adopting
armatured
summarists
outsprung
uplight
japery
isobutenes
tormenting
hearkened
unban
angst
deairing
invagination
taxiways
overclearing
cess
quillets
buboes
roseolar
thalassemic
forthwith
toothlike
zinnias
stalkers
entangler
recanalized
bambino
outtrotting
heuristically
panes
substitutionary
pumiced
bridally
prosodically
giantesses
decarbonizes
convolute
outwatched
putrefaction
payback
irrepressibly
embroider
gibbon
flatbed
jolliest
booziest
shinneys
reestimating
tsktsking
feat
novelettes
stackers
panted
peperoni
alcove
apostatises
voicers
renographic
eulachon
occasion
sicknesses
gory
bursting
uncinematic
voiding
ornithic
immigrate
castrators
popedom
benchtop
cacuminals
fanegas
procryptic
vibrances
caftan
cabinetries
waterside
predictors
naked
triboelectric
graciousnesses
trampoline
horologers
oft
ruddinesses
playacted
apprizers
lahars
switchman
pressurization
cablecasting
bursitis
serendipity
stealable
diacritic
cybernetically
cloudily
retched
meaningly
ampler
reassert
volplane
redraft
literalizes
programing
pearling
pliableness
precarious
enucleations
antiviral
operosenesses
trait
speciesism
tiercels
holographers
jive
monoplanes
adversary
cools
toxicant
jennet
fraternizers
varices
disquiet
desertic
sudorific
syntagm
malemutes
cosmical
reputability
hemacytometers
trembled
ionizer
stillness
gravest
repulser
madrepore
lubricated
amphipod
quickly
tourings
superrealism
readorned
encaging
starchinesses
polemicizes
snufflers
sau
bleared
teleports
scroll
slanted
alumina
spoonbill
deploring
documentarists
wished
lathi
finickier
inchworms
infarctions
followerships
homogamy
phallicisms
wheelsmen
bard
anchyloses
nighttide
couvade
interment
echeloned
mantid
pyranoses
chemos
pliability
ecbolic
daytimes
bannerets
unassailed
dysuria
wheeling
vegetate
subcontracted
deodand
lewdness
predisposed
stemmed
tarantases
provincializing
mammonist
handwrought
monk
presidiary
pantheism
unslings
disillusions
refilms
millimolar
beths
gliadines
hexachlorethane
tannages
ascendancy
pantalones
predrill
naumachiae
propels
classicizing
bowerbirds
quickness
carminative
strontian
cutlets
unengaged
postillion
topdressing
weeper
rational
phlebitises
chillness
sustentation
petrologist
crone
greenkeeper
strikes
ethnological
hottest
ignominious
spyglasses
mathematized
tremulant
stultification
sickees
discount
stagnating
sparely
homemaker
breezes
superchic
circularization
reflying
anopheline
inspissator
leechlike
delinquents
unsmiling
agist
doctors
saggering
futility
nonguilt
amphoral
limonitic
mishearing
subclassified
consomme
rialto
sporophyl
cancellations
literarinesses
mandarinisms
wardens
bludging
hardest
outdoor
guttae
tabanids
jugular
skysail
graphitize
milepost
reacquiring
orthopterists
nonsubjects
introgressants
deepest
pastitsios
smugly
structuralizing
coupon
cudgeling
khazenim
asphyxiates
purchases
stomatal
premonished
fellahs
levelnesses
illustrates
chloride
narwhals
polyunsaturated
maunderer
tripodies
overprices
devilkin
beechy
racker
coriaceous
music
warmnesses
flatcar
manganic
thyroxine
sophisticated
rabbinates
agilenesses
phantasmagorias
memorialize
epilated
swearword
vatful
heroicomical
misallocate
tads
benefitted
oogamete
surrey
leys
gamesomenesses
prenominated
stoped
ya
rabbitries
hexane
cajon
burstone
reception
terpene
phenacetins
squadroned
embalmed
macrocosmically
rinderpests
village
weaponries
sidlers
immobilizer
cornucopias
crowdedly
droningly
purples
appestats
radicalised
uglify
thegns
golden
shippon
negligent
teflons
insult
bickerers
steeplechasings
topographical
vagotonia
cunningest
determents
tufters
impressment
expendabilities
escoted
indurative
dissatisfy
peptidases
forcemeat
aquamarine
disagreement
subtilisin
womanizers
flossers
incognitas
aquarium
cinderous
exotica
firn
amortizable
nakfas
poleax
nattier
creatures
extracting
patulous
casteisms
newcomers
enriched
enflamed
wagtail
windsocks
restfully
dobro
affine
backcloth
symbolling
prospers
bolted
planters
buckskinned
totalizer
unstuck
aggregating
fests
swiftest
ganymede
realizable
frustum
instability
leptosome
canaling
kat
diminish
lessee
swab
rareripes
telegraphies
bousing
doors
sorehead
astrometric
fideistic
culmed
atheneums
bylaws
pressureless
immolators
unwet
jugal
purrs
tritone
knackery
headsman
jointweeds
saunaing
exhumation
acriflavines
supernormality
butlery
multifoil
verify
degausses
gamely
blessers
currish
bunched
tost
vespers
electrum
dirl
fibrillations
tipped
grievants
overtreat
professorially
structures
pluckiest
defrauders
cardiographs
deglamorize
lacewing
misbegotten
corrigible
bodyboarded
saxony
reverser
pessimists
cerussites
ribby
mispaint
bibbing
encashes
encyclopedisms
satchelsful
beauteousness
dysphasics
psoriatics
profaner
veneerings
pi
filiform
tempested
convertible
genie
leanest
mayhems
bactericides
consociate
lynched
fends
pursuing
pervade
dewfalls
oleate
jigsaws
nonselective
recruitments
payouts
overfatigue
midribs
tenebrific
pushrods
incuriosity
liverwort
motorway
allotting
corruptest
unkennelling
exonumia
impled
pox
lwei
haleness
ungulae
widdy
denticulations
snigglers
zingani
shaftings
suffocate
faintness
salter
discard
piecework
hexadic
squiggled
bobcat
grouched
dreggish
strummer
guilders
ambones
pitiably
fibrefills
contortion
contemplatives
tumults
relativisms
vugs
twofers
shimmies
cryoprobe
autolytic
roamer
levodopa
promises
sultans
haffit
vagabond
everwhich
sticky
humorously
bennies
automobilist
flatlines
processibility
nurturances
blamelessly
coinsured
gride
gummas
kilopascal
kilims
posadas
slobbier
wigwagger
superlawyers
vandalizing
befuddlements
tantalize
ribbiest
motorised
countenancer
foul
carabinier
passadoes
pasta
rove
brotherly
pedogeneses
ephorate
preexpose
nounally
retapes
galvanically
readably
brominations
postisolation
goth
deodorizes
nettler
delineate
speciates
acquiescences
indexable
gloomings
commodious
stulls
albuminous
quartans
idealises
spadeworks
impossible
swear
obiisms
solemnness
tresses
enforced
nonaddict
rainproof
deodaras
centesimi
uveal
refuelling
voiceful
assigned
sublimation
malformation
heelplates
superseller
hamburg
repursuing
grutch
unwinnable
seeresses
seitans
woodchats
megaloblast
hondles
overdared
whins
overscaled
antipathies
sleuths
rosette
enterostomy
regrafts
pseudoclassic
shortsighted
acclimatizers
outputting
domiciliary
nandinas
spessartites
whishting
aquarists
succulence
mandrakes
fairishly
shufflers
reword
drivings
polygon
triumviri
heretrices
lacklusters
tentages
citrons
hairpins
crocoite
methylamines
mezereum
treatises
crapulous
endower
fisc
unobservable
frites
armsful
smelled
carolled
adhering
myrrhic
gangues
phonographic
iotas
paperback
allotypically
folklores
motivelessly
doubloon
tubate
push
morphallaxes
servicemen
ranees
topazes
yardworks
hepatomegalies
crenellations
tooted
rufflike
oxide
calypso
carelessness
alphosis
eyne
crystalizes
outguesses
grandees
unswear
timeworn
isled
shyest
cytotaxonomies
photolyzed
pensils
finnickiest
exuvial
anisometropia
cheverons
amour
agemates
chronobiologies
presages
etherish
dudgeon
stalest
prothoraxes
reafforest
heulandites
markdown
hairnet
maya
hydroseres
hitmen
effusiveness
bought
picholines
outdebates
integrally
extricates
misogamies
transistorizing
leben
electromyograms
granola
padle
footstones
tabulable
sniveling
kulturs
isohels
risked
detinue
postsync
workhour
foggier
sheepshearers
seashores
binocles
gravitases
flyovers
gadrooning
retore
battleship
glauconitic
superinduces
weeded
simultaneously
prescientific
stylite
mesothelioma
smug
photometer
vanadous
acetamids
vibrios
described
phlebitides
accorded
derepressions
killdeers
unmingling
superstimulates
resoluteness
peacoat
aorists
dejects
monospecific
mastopexies
kluge
fry
ratafee
precharge
motorship
discipline
pistoleer
eyebeams
deductions
scoffers
depersonalized
pushers
schillers
hookworm
embroiler
zori
rechose
lavalliere
hornbill
inhaler
manwards
iniquitous
harrowing
ran
tees
nicer
snakily
whalers
mesotron
fistfuls
psychologize
epizooty
instated
litten
intercalated
harmonizations
eucalyptuses
eons
transliterated
cytologist
versing
prizer
legend
tablets
speculations
thievery
timelinesses
vintages
excommunicator
serialist
maun
fibulas
processionals
comatose
effeminate
clavichords
tampers
orthotics
seminarians
bagginesses
elects
fiberboards
plainnesses
ergonovines
noncontingent
bronzy
ineffectively
nanoseconds
wangans
sambhurs
voiceprints
tearaways
icebox
supplejack
loafer
concurrence
underskirts
swingingly
defences
handhelds
volleyballs
sallowish
credit
paramos
rotund
prefires
tiger
revelling
spoilsman
quaver
dialer
collaborate
integrand
parricidal
atherogeneses
injured
flooder
overbearingly
pleiad
overbears
anovulant
